,Reward Type,Scenario,Return (%),Sharpe,Max Drawdown (%),Win Rate,Profit Factor,Trades
0,combined,normal,699.7213768981962,4.725843480101186,-1.7238191326276537,0.35746478873239435,4.412164966839443,3550
1,combined,drawdown,77.19815716727496,1.240747153173556,-7.088088226494181,0.2919436320127626,1.4029724462923485,3761
2,combined,volatility,289.60207613305255,3.9133774508014683,-1.3345484325380101,0.33953351048125185,3.668954561604505,3387
3,combined,choppy,429.35061057587853,4.2265992357253594,-1.5057617697026155,0.372640218878249,3.553800255247752,3655
